"GEO_ID","NAME","B09002_001E","B09002_001M","B09002_002E","B09002_002M","B09002_003E","B09002_003M","B09002_004E","B09002_004M","B09002_005E","B09002_005M","B09002_006E","B09002_006M","B09002_007E","B09002_007M","B09002_008E","B09002_008M","B09002_009E","B09002_009M","B09002_010E","B09002_010M","B09002_011E","B09002_011M","B09002_012E","B09002_012M","B09002_013E","B09002_013M","B09002_014E","B09002_014M","B09002_015E","B09002_015M","B09002_016E","B09002_016M","B09002_017E","B09002_017M","B09002_018E","B09002_018M","B09002_019E","B09002_019M","B09002_020E","B09002_020M"
"id","Geographic Area Name","Estimate!!Total","Margin of Error!!Total","Estimate!!Total!!In married-couple families","Margin of Error!!Total!!In married-couple families","Estimate!!Total!!In married-couple families!!Under 3 years","Margin of Error!!Total!!In married-couple families!!Under 3 years","Estimate!!Total!!In married-couple families!!3 and 4 years","Margin of Error!!Total!!In married-couple families!!3 and 4 years","Estimate!!Total!!In married-couple families!!5 years","Margin of Error!!Total!!In married-couple families!!5 years","Estimate!!Total!!In married-couple families!!6 to 11 years","Margin of Error!!Total!!In married-couple families!!6 to 11 years","Estimate!!Total!!In married-couple families!!12 to 17 years","Margin of Error!!Total!!In married-couple families!!12 to 17 years","Estimate!!Total!!In other families","Margin of Error!!Total!!In other families","Estimate!!Total!!In other families!!Male householder, no wife present","Margin of Error!!Total!!In other families!!Male householder, no wife present","Estimate!!Total!!In other families!!Male householder, no wife present!!Under 3 years","Margin of Error!!Total!!In other families!!Male householder, no wife present!!Under 3 years","Estimate!!Total!!In other families!!Male householder, no wife present!!3 and 4 years","Margin of Error!!Total!!In other families!!Male householder, no wife present!!3 and 4 years","Estimate!!Total!!In other families!!Male householder, no wife present!!5 years","Margin of Error!!Total!!In other families!!Male householder, no wife present!!5 years","Estimate!!Total!!In other families!!Male householder, no wife present!!6 to 11 years","Margin of Error!!Total!!In other families!!Male householder, no wife present!!6 to 11 years","Estimate!!Total!!In other families!!Male householder, no wife present!!12 to 17 years","Margin of Error!!Total!!In other families!!Male householder, no wife present!!12 to 17 years","Estimate!!Total!!In other families!!Female householder, no husband present","Margin of Error!!Total!!In other families!!Female householder, no husband present","Estimate!!Total!!In other families!!Female householder, no husband present!!Under 3 years","Margin of Error!!Total!!In other families!!Female householder, no husband present!!Under 3 years","Estimate!!Total!!In other families!!Female householder, no husband present!!3 and 4 years","Margin of Error!!Total!!In other families!!Female householder, no husband present!!3 and 4 years","Estimate!!Total!!In other families!!Female householder, no husband present!!5 years","Margin of Error!!Total!!In other families!!Female householder, no husband present!!5 years","Estimate!!Total!!In other families!!Female householder, no husband present!!6 to 11 years","Margin of Error!!Total!!In other families!!Female householder, no husband present!!6 to 11 years","Estimate!!Total!!In other families!!Female householder, no husband present!!12 to 17 years","Margin of Error!!Total!!In other families!!Female householder, no husband present!!12 to 17 years"
"0500000US48015","Austin County, Texas","6529","188","4915","378","618","152","442","130","386","134","1765","236","1704","238","1614","346","419","183","42","67","63","62","71","70","123","130","120","67","1195","359","146","108","211","206","45","55","294","137","499","233"
"0500000US48261","Kenedy County, Texas","163","116","153","115","69","55","16","26","0","13","41","43","27","38","10","9","0","13","0","13","0","13","0","13","0","13","0","13","10","9","0","13","0","13","0","13","5","8","5","6"
"0500000US48355","Nueces County, Texas","74831","1242","47453","1708","7059","487","4767","451","2322","418","16496","961","16809","935","27378","1798","5654","943","718","217","507","185","201","98","1805","459","2423","558","21724","1587","3520","502","2985","384","1116","317","7180","878","6923","697"
"0500000US48089","Colorado County, Texas","4360","254","2858","460","720","193","229","122","109","68","940","238","860","194","1502","387","482","220","83","72","30","53","0","25","168","102","201","107","1020","376","124","102","62","61","5","9","497","201","332","169"
"0500000US48409","San Patricio County, Texas","15308","501","10035","801","1316","233","1094","183","581","171","3521","381","3523","404","5273","720","1128","364","264","130","51","41","71","52","367","155","375","163","4145","674","658","221","472","174","197","116","1457","323","1361","351"
"0500000US48379","Rains County, Texas","1883","150","1408","178","131","65","209","86","62","52","542","146","464","151","475","136","239","97","44","44","20","26","47","31","83","44","45","49","236","97","39","34","30","34","0","21","73","37","94","58"
"0500000US48381","Randall County, Texas","28836","551","22261","855","3835","364","2511","283","1357","313","7791","542","6767","447","6575","700","1312","344","84","64","214","148","55","51","475","160","484","159","5263","637","638","203","595","229","351","156","1707","289","1972","336"
"0500000US48385","Real County, Texas","520","140","222","104","33","24","28","25","0","13","73","58","88","72","298","102","126","91","33","24","25","31","0","13","19","26","49","62","172","97","36","28","34","34","36","35","43","35","23","29"
"0500000US48411","San Saba County, Texas","1026","64","788","120","98","33","96","43","21","22","271","65","302","77","238","97","88","63","16","21","15","25","0","19","15","20","42","29","150","78","32","32","30","42","0","19","49","35","39","33"
"0500000US48413","Schleicher County, Texas","796","36","728","66","67","27","99","39","39","36","301","72","222","52","68","49","0","13","0","13","0","13","0","13","0","13","0","13","68","49","0","13","0","13","0","13","42","41","26","32"
"0500000US48431","Sterling County, Texas","252","88","100","71","6","9","7","9","4","6","35","32","48","42","152","65","86","44","0","13","7","10","7","12","19","22","53","15","66","55","18","18","0","13","4","6","17","25","27","23"
"0500000US48507","Zavala County, Texas","2436","443","717","269","140","157","87","105","58","104","222","125","210","115","1719","464","216","270","9","15","0","21","0","21","85","104","122","172","1503","452","211","111","195","94","102","92","488","228","507","194"
"0500000US48057","Calhoun County, Texas","4643","276","3081","433","558","153","217","78","130","74","1228","269","948","210","1562","344","330","176","125","86","36","42","0","25","102","76","67","73","1232","312","165","93","165","103","14","25","314","130","574","207"
"0500000US48065","Carson County, Texas","1381","83","1063","103","182","38","85","37","67","34","367","76","362","89","318","90","65","36","5","8","10","12","0","19","25","19","25","18","253","91","15","19","37","29","0","19","87","51","114","64"
"0500000US48155","Foard County, Texas","215","65","178","72","23","21","17","16","0","13","59","40","79","48","37","33","0","13","0","13","0","13","0","13","0","13","0","13","37","33","11","16","0","13","0","13","21","19","5","6"
"0500000US48161","Freestone County, Texas","4063","171","2908","300","473","125","331","109","166","82","905","140","1033","164","1155","295","315","175","52","60","26","37","17","26","139","85","81","55","840","285","102","48","118","67","90","66","223","140","307","193"
"0500000US48175","Goliad County, Texas","1456","84","925","183","69","48","96","48","84","56","271","92","405","99","531","182","74","61","32","35","0","19","0","19","13","21","29","33","457","177","63","45","9","16","0","19","265","125","120","71"
"0500000US48193","Hamilton County, Texas","1360","144","1032","186","158","70","135","62","37","43","321","108","381","78","328","133","108","77","6","12","17","22","0","19","4","6","81","69","220","112","5","9","0","19","19","31","102","76","94","67"
"0500000US48197","Hardeman County, Texas","719","123","633","121","101","46","58","43","26","21","257","71","191","61","86","49","1","3","1","3","0","13","0","13","0","13","0","13","85","49","2","4","0","13","0","13","66","48","17","17"
"0500000US48335","Mitchell County, Texas","1375","160","969","281","185","135","53","52","46","34","307","167","378","155","406","184","126","137","19","26","37","46","28","45","42","44","0","19","280","170","33","47","20","23","0","19","69","79","158","141"
"0500000US48045","Briscoe County, Texas","239","44","140","39","21","14","12","10","2","3","39","18","66","26","99","42","21","20","10","9","0","13","0","13","9","13","2","3","78","41","0","13","15","20","5","7","21","14","37","28"
"0500000US48285","Lavaca County, Texas","4380","150","3260","204","394","85","444","74","182","83","1215","164","1025","138","1120","202","149","92","14","15","3","5","0","21","63","72","69","52","971","208","142","61","143","65","113","63","306","125","267","81"
"0500000US48445","Terry County, Texas","2914","254","1975","350","180","51","330","111","142","69","796","182","527","163","939","324","288","226","65","67","99","81","25","39","69","79","30","25","651","299","100","83","31","40","20","20","282","192","218","112"
"0500000US48243","Jeff Davis County, Texas","367","144","348","145","8","16","53","45","28","34","100","55","159","77","19","63","0","13","0","13","0","13","0","13","0","13","0","13","19","63","0","13","0","13","0","13","0","13","19","63"
"0500000US48479","Webb County, Texas","72391","1120","46602","1924","7045","661","5409","521","2052","349","15394","915","16702","961","25789","1785","4077","690","862","292","255","133","342","158","1385","327","1233","276","21712","1679","3240","581","2127","406","1054","219","7034","650","8257","821"
"0500000US48247","Jim Hogg County, Texas","1184","238","634","280","83","66","62","47","31","34","196","122","262","126","550","208","105","124","7","10","0","19","0","19","15","22","83","121","445","203","126","75","61","69","0","19","141","117","117","62"
"0500000US48339","Montgomery County, Texas","133670","1374","106428","2393","16056","951","10849","769","6197","848","36586","1461","36740","1614","27242","2064","7417","1120","1292","323","575","242","440","253","2449","579","2661","691","19825","1952","2469","606","1427","408","1171","384","6834","970","7924","962"
"0500000US48111","Dallam County, Texas","2095","135","1857","156","356","120","140","47","51","49","865","180","445","119","238","128","58","57","0","19","21","35","5","10","32","42","0","19","180","116","19","31","22","31","0","19","73","71","66","68"
"0500000US48011","Armstrong County, Texas","385","58","288","61","38","19","32","16","5","6","97","34","116","42","97","57","0","13","0","13","0","13","0","13","0","13","0","13","97","57","7","8","36","30","0","13","31","28","23","18"
"0500000US48069","Castro County, Texas","1880","144","1410","214","179","73","221","80","107","58","474","145","429","132","470","206","44","36","14","21","0","19","0","19","14","16","16","17","426","199","51","42","48","45","21","21","211","132","95","46"
"0500000US48273","Kleberg County, Texas","6588","516","3953","638","751","230","378","144","216","121","1419","344","1189","279","2635","566","667","379","33","48","31","49","0","28","241","196","362","220","1968","483","336","140","278","159","205","122","668","206","481","179"
"0500000US48489","Willacy County, Texas","4005","335","2225","404","418","121","240","86","104","60","660","207","803","210","1780","351","329","210","56","56","11","18","0","25","136","124","126","95","1451","372","96","61","207","87","31","27","613","228","504","163"
"0500000US48107","Crosby County, Texas","1368","77","731","133","107","38","40","33","19","12","232","61","333","66","637","143","162","79","55","29","30","22","10","11","28","23","39","36","475","141","51","35","34","29","13","16","191","69","186","60"
"0500000US48151","Fisher County, Texas","724","82","599","83","133","56","41","28","24","21","154","45","247","62","125","64","10","10","6","10","0","13","2","3","0","13","2","3","115","63","25","23","22","23","3","5","37","32","28","23"
"0500000US48131","Duval County, Texas","2341","269","1225","313","117","72","219","103","68","54","438","179","383","131","1116","302","192","153","21","34","13","23","0","21","106","96","52","58","924","292","59","54","197","95","24","37","338","167","306","127"
"0500000US48031","Blanco County, Texas","1692","177","1150","221","135","63","103","55","7","10","448","155","457","127","542","191","175","125","44","47","10","16","0","21","50","44","71","71","367","166","8","14","38","36","24","29","55","48","242","105"
"0500000US48241","Jasper County, Texas","7388","266","4601","609","506","249","448","151","237","123","1704","339","1706","284","2787","598","826","389","137","92","127","97","85","86","245","216","232","155","1961","442","242","116","107","70","204","115","655","244","753","285"
"0500000US48271","Kinney County, Texas","607","170","498","165","22","32","42","37","41","32","197","105","196","101","109","57","36","49","0","13","0","13","0","13","0","13","36","49","73","57","23","37","0","13","0","13","0","13","50","47"
"0500000US48117","Deaf Smith County, Texas","5241","249","3653","414","502","144","458","145","118","72","1122","230","1453","241","1588","341","424","183","52","30","84","63","37","41","174","95","77","60","1164","322","108","76","268","132","56","49","433","169","299","116"
"0500000US48167","Galveston County, Texas","70239","958","51808","1917","8271","722","5392","588","2190","412","18620","1121","17335","977","18431","1673","4331","772","283","134","730","350","180","91","1532","388","1606","418","14100","1403","1703","379","1294","320","1013","341","4014","638","6076","820"
"0500000US48283","La Salle County, Texas","1461","335","1017","320","316","184","113","91","8","14","318","151","262","157","444","262","137","128","0","19","0","19","0","19","67","75","70","58","307","235","46","70","7","11","0","19","115","104","139","126"
"0500000US48393","Roberts County, Texas","214","62","149","57","14","11","9","9","10","9","31","18","85","41","65","40","15","14","0","13","4","6","6","7","5","7","0","13","50","38","1","2","0","13","1","2","21","16","27","26"
"0500000US48457","Tyler County, Texas","3365","223","2517","249","340","103","283","91","71","57","949","176","874","173","848","218","139","86","48","63","11","17","0","25","40","30","40","33","709","232","128","68","59","46","21","30","225","92","276","142"
"0500000US48483","Wheeler County, Texas","1252","74","871","125","149","42","92","33","63","36","321","71","246","61","381","123","70","43","8","10","19","23","0","19","14","18","29","22","311","121","14","16","47","34","0","19","162","82","88","40"
"0500000US48037","Bowie County, Texas","18442","705","10734","842","1480","327","1064","302","492","191","3829","403","3869","475","7708","675","1716","476","226","122","275","181","147","117","568","222","500","216","5992","697","932","264","704","206","302","177","1909","347","2145","332"
"0500000US48043","Brewster County, Texas","1462","154","1094","199","132","46","159","54","45","43","401","119","357","128","368","173","117","85","14","22","14","19","35","36","0","19","54","44","251","147","33","38","23","33","33","32","79","77","83","50"
"0500000US48263","Kent County, Texas","135","59","135","59","23","19","10","10","27","29","34","20","41","28","0","13","0","13","0","13","0","13","0","13","0","13","0","13","0","13","0","13","0","13","0","13","0","13","0","13"
"0500000US48423","Smith County, Texas","47499","828","34762","1149","5459","526","3849","508","1944","319","11585","772","11925","715","12737","1181","2313","594","355","180","437","240","121","96","693","345","707","257","10424","1083","1356","320","1139","341","574","188","3550","497","3805","590"
"0500000US48105","Crockett County, Texas","795","166","429","180","102","82","66","59","0","13","140","107","121","60","366","150","63","65","0","13","0","13","0","13","0","13","63","65","303","136","11","16","63","88","43","42","133","64","53","74"
"0500000US48199","Hardin County, Texas","12232","413","9524","551","1368","239","1231","191","577","182","3199","325","3149","381","2708","545","543","306","61","57","47","55","8","14","220","193","207","183","2165","519","494","253","188","130","15","27","687","246","781","282"
"0500000US48227","Howard County, Texas","7037","262","4648","496","772","156","476","119","213","84","1661","319","1526","206","2389","498","780","317","69","54","100","91","6","10","205","102","400","221","1609","454","316","189","187","114","67","78","498","200","541","216"
"0500000US48289","Leon County, Texas","3216","261","2218","319","410","116","200","87","129","76","777","199","702","183","998","277","198","121","22","23","23","30","58","54","27","34","68","70","800","281","63","58","119","87","61","53","326","186","231","91"
"0500000US48337","Montague County, Texas","3919","219","2974","283","516","108","293","93","144","74","873","163","1148","132","945","208","411","185","29","27","24","30","13","16","242","135","103","73","534","216","94","66","16","18","38","51","310","145","76","46"
"0500000US48365","Panola County, Texas","4606","272","3167","377","385","99","317","88","145","72","844","194","1476","283","1439","365","332","156","129","100","24","39","5","8","70","50","104","78","1107","356","105","70","86","73","65","61","355","161","496","178"
"0500000US48143","Erath County, Texas","7673","344","5842","536","864","180","610","159","245","97","1934","313","2189","272","1831","467","500","289","220","176","59","64","14","31","117","145","90","64","1331","425","202","120","148","99","125","105","431","187","425","172"
"0500000US48039","Brazoria County, Texas","83633","1188","66398","1729","10648","736","7893","743","4264","505","22505","1086","21088","1136","17235","1251","4634","870","882","222","482","197","178","116","1802","401","1290","452","12601","1123","1119","295","763","207","524","200","4612","657","5583","721"
"0500000US48345","Motley County, Texas","295","80","168","79","33","23","3","5","7","9","78","53","47","30","127","54","16","21","0","13","0","13","0","13","16","21","0","13","111","50","16","23","6","8","14","12","62","33","13","14"
"0500000US48129","Donley County, Texas","596","43","354","79","57","24","22","20","37","26","124","49","114","37","242","80","60","68","0","13","1","3","1","2","54","68","4","6","182","72","57","29","21","14","6","7","60","38","38","32"
"0500000US48013","Atascosa County, Texas","10780","533","7181","656","1194","233","771","194","316","165","2166","404","2734","393","3599","578","881","328","122","87","52","68","23","39","274","180","410","186","2718","531","162","95","123","94","107","91","1176","304","1150","363"
"0500000US48083","Coleman County, Texas","1538","101","1149","176","170","70","112","46","14","18","553","119","300","87","389","133","58","60","0","19","41","56","0","19","17","15","0","19","331","128","43","38","15","15","60","60","34","27","179","97"
"0500000US48353","Nolan County, Texas","3166","212","2427","244","373","95","307","87","153","91","912","153","682","150","739","218","202","166","64","69","59","69","0","21","17","26","62","52","537","172","74","54","34","26","58","37","197","96","174","95"
"0500000US48229","Hudspeth County, Texas","708","118","469","152","99","45","21","22","10","14","194","87","145","64","239","118","72","67","0","13","12","18","0","13","11","18","49","59","167","114","17","24","0","13","0","13","78","66","72","72"
"0500000US48325","Medina County, Texas","8906","441","6390","550","551","203","692","184","364","133","2315","311","2468","334","2516","456","604","239","23","29","46","49","18","24","263","159","254","169","1912","416","340","207","254","153","148","122","492","184","678","240"
"0500000US48475","Ward County, Texas","2688","252","2255","330","348","102","179","84","31","21","942","232","755","129","433","169","76","51","13","19","0","21","0","21","23","21","40","35","357","161","76","60","44","41","8","14","112","64","117","75"
"0500000US48213","Henderson County, Texas","14764","409","10983","530","1614","255","1071","203","563","173","3731","298","4004","387","3781","604","1067","340","256","165","100","93","92","78","303","198","316","143","2714","519","572","276","137","74","190","115","901","214","914","216"
"0500000US48203","Harrison County, Texas","15318","394","10585","727","1583","294","1035","260","552","163","3799","385","3616","386","4733","708","820","327","217","197","83","101","39","42","191","121","290","128","3913","664","543","212","501","216","282","143","1402","358","1185","294"
"0500000US48327","Menard County, Texas","273","79","233","79","17","26","0","13","15","23","135","69","66","43","40","32","12","19","0","13","0","13","0","13","12","19","0","13","28","26","0","13","0","13","0","13","12","17","16","20"
"0500000US48277","Lamar County, Texas","10320","299","6225","591","1117","171","607","173","329","105","2000","289","2172","289","4095","535","890","273","78","53","120","98","102","73","258","94","332","146","3205","507","351","132","481","155","143","70","1019","230","1211","268"
"0500000US48149","Fayette County, Texas","4592","193","3664","315","418","105","450","116","248","82","1248","169","1300","199","928","261","182","119","72","64","24","29","2","3","32","43","52","42","746","233","16","23","138","90","67","73","414","171","111","65"
"0500000US48491","Williamson County, Texas","128107","1007","102323","2017","15398","714","11688","588","5187","539","36877","1282","33173","1209","25784","1721","6422","934","946","250","729","246","326","131","2136","487","2285","431","19362","1363","1978","418","1421","338","791","265","6221","630","8951","940"
"0500000US48373","Polk County, Texas","7893","333","4712","498","600","134","375","144","237","109","1730","283","1770","279","3181","492","673","263","115","104","72","83","0","28","224","147","262","129","2508","452","376","156","280","99","114","77","839","244","899","233"
"0500000US48391","Refugio County, Texas","1428","78","879","152","143","48","77","38","75","40","257","69","327","85","549","134","114","61","12","16","34","37","10","15","13","13","45","34","435","133","22","19","43","33","42","39","160","69","168","65"
"0500000US48055","Caldwell County, Texas","8148","380","5554","563","998","210","429","114","317","120","1761","214","2049","287","2594","585","585","338","171","157","8","11","42","47","243","166","121","66","2009","559","445","227","98","83","188","140","657","258","621","218"
"0500000US48487","Wilbarger County, Texas","2435","185","1360","270","349","150","152","79","48","51","330","166","481","142","1075","232","96","86","2","4","13","21","27","31","54","72","0","21","979","241","25","32","48","53","11","15","483","182","412","150"
"0500000US48383","Reagan County, Texas","1073","99","784","150","118","51","89","45","18","23","378","91","181","86","289","145","106","104","0","13","9","13","3","5","26","31","68","73","183","114","0","13","27","36","15","20","56","60","85","64"
"0500000US48189","Hale County, Texas","7892","392","5439","559","679","145","776","170","273","99","1827","308","1884","286","2453","516","470","186","147","88","23","33","71","56","92","62","137","68","1983","474","222","117","161","87","115","70","720","206","765","259"
"0500000US48419","Shelby County, Texas","6076","233","3953","474","520","156","467","135","320","111","1367","240","1279","203","2123","423","634","378","131","98","87","67","0","25","98","86","318","220","1489","358","184","115","104","77","6","10","708","215","487","140"
"0500000US48399","Runnels County, Texas","2018","149","1348","171","150","53","133","41","37","31","468","98","560","101","670","172","160","92","21","24","44","47","16","21","60","52","19","20","510","171","113","80","29","28","34","27","132","56","202","109"
"0500000US48407","San Jacinto County, Texas","4543","433","3422","475","326","156","335","159","323","129","1164","291","1274","311","1121","396","515","317","20","31","23","33","60","74","251","197","161","90","606","295","19","24","81","91","8","13","207","121","291","175"
"0500000US48451","Tom Green County, Texas","23970","699","16690","986","3045","429","2182","349","907","216","5865","532","4691","523","7280","855","1764","564","278","179","115","86","55","40","591","293","725","289","5516","925","391","251","744","227","251","123","2109","501","2021","420"
"0500000US48469","Victoria County, Texas","19728","598","13698","844","1922","279","1603","304","487","198","4773","452","4913","494","6030","881","1226","396","240","113","244","136","44","55","340","181","358","191","4804","817","766","195","613","172","233","115","1613","402","1579","340"
"0500000US48473","Waller County, Texas","10646","434","7891","614","1117","235","882","247","528","197","2997","429","2367","325","2755","637","443","182","47","52","105","101","39","43","179","97","73","54","2312","634","334","168","297","144","145","121","762","274","774","314"
"0500000US48485","Wichita County, Texas","26210","461","17182","915","3068","371","2073","255","778","170","5816","503","5447","469","9028","887","2735","527","438","184","435","168","181","117","1050","283","631","225","6293","734","964","285","730","182","469","157","2084","381","2046","364"
"0500000US48493","Wilson County, Texas","10246","298","8147","436","1166","149","755","129","264","103","2740","319","3222","309","2099","394","570","182","88","68","26","30","50","41","126","58","280","111","1529","384","153","81","150","83","80","62","547","230","599","158"
"0500000US48219","Hockley County, Texas","4895","248","3618","316","481","126","315","67","136","67","1381","175","1305","182","1277","296","297","167","70","55","46","34","4","6","52","45","125","101","980","247","122","77","47","28","72","54","334","112","405","120"
"0500000US48323","Maverick County, Texas","14995","495","10065","800","1702","325","1100","336","402","185","3505","468","3356","446","4930","781","814","490","79","96","58","89","0","31","452","360","225","135","4116","669","649","225","505","190","149","99","1239","384","1574","354"
"0500000US48147","Fannin County, Texas","6245","242","4919","346","577","105","536","105","317","126","1414","178","2075","213","1326","283","302","109","39","28","8","8","3","5","137","73","115","60","1024","263","140","69","122","49","95","78","407","157","260","65"
"0500000US48329","Midland County, Texas","40630","828","29471","1390","5063","581","3671","478","1583","295","10457","837","8697","785","11159","1456","2405","645","347","207","284","157","198","141","715","282","861","341","8754","1374","1636","403","1133","395","342","209","3129","759","2514","566"
"0500000US48297","Live Oak County, Texas","2240","98","1568","214","199","97","131","72","29","39","633","146","576","120","672","246","313","153","30","34","121","85","7","10","82","54","73","51","359","189","20","35","90","76","23","25","117","81","109","61"
"0500000US48299","Llano County, Texas","2410","201","1740","251","318","105","120","76","108","90","562","159","632","187","670","246","422","208","134","95","11","23","15","25","182","131","80","83","248","135","41","38","55","48","9","30","101","84","42","32"
"0500000US48255","Karnes County, Texas","2811","168","1693","246","259","88","79","62","55","57","624","138","676","133","1118","239","261","134","43","29","33","28","16","24","45","36","124","95","857","228","178","106","122","94","83","67","304","111","170","83"
"0500000US48041","Brazos County, Texas","40457","767","27786","982","4903","415","3186","320","1466","296","8967","550","9264","573","12671","959","2005","576","344","225","381","204","119","93","625","225","536","215","10666","917","1919","378","1393","286","544","157","3730","440","3080","495"
"0500000US48067","Cass County, Texas","5637","329","3813","394","488","139","321","115","306","93","1407","241","1291","226","1824","358","448","181","123","93","49","33","24","25","134","92","118","94","1376","354","130","73","58","54","43","40","451","179","694","220"
"0500000US48165","Gaines County, Texas","6208","420","4683","605","753","212","523","198","327","133","1460","322","1620","270","1525","515","659","430","99","80","20","31","0","25","249","177","291","191","866","392","184","126","12","18","96","88","374","228","200","131"
"0500000US48179","Gray County, Texas","4977","239","3632","341","548","121","316","100","223","88","1310","211","1235","167","1345","326","427","260","50","42","75","72","26","30","153","109","123","115","918","233","217","96","110","59","89","94","318","123","184","80"
"0500000US48313","Madison County, Texas","2469","192","1876","261","160","61","224","105","122","78","691","161","679","172","593","224","113","80","35","29","0","21","0","21","46","57","32","33","480","226","37","34","17","22","0","21","209","141","217","108"
"0500000US48237","Jack County, Texas","1630","114","1247","147","119","39","259","55","55","33","408","94","406","88","383","131","97","85","0","19","0","19","5","8","65","64","27","29","286","106","55","40","12","18","7","12","113","60","99","54"
"0500000US48259","Kendall County, Texas","8893","334","7127","506","847","203","498","145","283","116","2307","261","3192","302","1766","453","492","316","24","44","115","120","45","64","149","137","159","148","1274","375","148","102","97","96","54","57","521","199","454","171"
"0500000US48035","Bosque County, Texas","3417","125","2417","225","257","60","245","67","117","62","734","109","1064","136","1000","190","366","105","30","22","107","41","29","41","144","79","56","44","634","183","110","72","92","58","25","17","210","87","197","60"
"0500000US48029","Bexar County, Texas","425426","2386","280539","4323","45932","1462","30754","1202","15455","762","94946","2312","93452","2346","144887","4245","28371","1905","5777","666","3178","563","1516","312","9078","917","8822","999","116516","4211","15659","1132","11694","960","6236","640","40296","1955","42631","2230"
"0500000US48017","Bailey County, Texas","1688","203","1063","268","135","65","146","117","111","50","333","157","338","132","625","225","193","237","0","19","53","62","0","19","56","72","84","110","432","229","54","55","25","33","19","25","165","109","169","92"
"0500000US48023","Baylor County, Texas","727","96","598","121","50","33","34","39","17","22","282","72","215","97","129","86","19","22","19","22","0","13","0","13","0","13","0","13","110","82","15","26","28","47","14","21","13","21","40","32"
"0500000US48061","Cameron County, Texas","106470","1631","68985","2194","9939","728","7508","690","3942","452","23358","1288","24238","1269","37485","2135","5590","802","775","299","636","235","220","123","1571","369","2388","434","31895","2081","3818","551","3694","540","1599","434","11109","1033","11675","1018"
"0500000US48121","Denton County, Texas","189629","1029","151772","2274","22573","800","16332","832","8083","707","53291","1438","51493","1008","37857","2165","7905","917","803","233","754","201","277","117","2935","517","3136","531","29952","1987","3764","554","3003","561","1282","299","9842","939","12061","977"
"0500000US48477","Washington County, Texas","6773","293","4854","342","684","220","713","196","197","96","1754","250","1506","233","1919","396","110","89","0","28","0","28","0","28","67","69","43","54","1809","403","268","192","249","131","108","92","590","272","594","324"
"0500000US48343","Morris County, Texas","2276","182","1713","210","192","68","220","58","66","42","626","152","609","104","563","161","71","52","13","17","0","21","0","21","13","19","45","42","492","162","47","55","38","34","0","21","135","64","272","109"
"0500000US48429","Stephens County, Texas","1689","133","1189","162","156","75","92","56","62","60","388","132","491","92","500","160","68","65","0","19","0","19","0","19","47","53","21","27","432","152","69","59","50","51","26","26","210","76","77","53"
"0500000US48201","Harris County, Texas","1078718","3995","720954","6971","121936","2362","80323","2363","39797","1674","243834","3635","235064","3500","357764","6590","73648","3869","14591","1182","8271","996","4097","683","25568","1906","21121","1572","284116","5834","37723","1776","31817","1789","15044","1134","98161","2839","101371","3550"
"0500000US48003","Andrews County, Texas","4801","374","3957","500","623","143","387","150","126","57","1569","374","1252","234","844","314","159","115","65","75","41","52","22","39","6","15","25","37","685","311","79","84","128","87","0","21","218","120","260","158"
"0500000US48171","Gillespie County, Texas","4422","258","3454","342","326","109","512","143","144","82","1134","176","1338","166","968","322","157","111","55","49","71","82","0","25","11","23","20","33","811","323","57","57","156","116","39","39","333","162","226","100"
"0500000US48177","Gonzales County, Texas","4766","245","3490","343","603","145","329","116","171","80","1276","181","1111","150","1276","269","216","111","64","64","12","19","23","26","59","66","58","46","1060","258","150","86","100","61","84","68","412","146","314","113"
"0500000US48305","Lynn County, Texas","1260","104","889","118","129","31","103","35","42","26","328","91","287","66","371","124","24","22","0","19","0","19","0","19","5","8","19","16","347","127","60","33","37","29","11","14","137","73","102","43"
"0500000US48503","Young County, Texas","3841","174","2637","342","356","116","365","113","123","80","754","199","1039","210","1204","325","445","223","0","21","77","78","40","35","151","102","177","125","759","264","117","78","127","92","47","53","293","143","175","95"
"0500000US48505","Zapata County, Texas","4312","306","2578","490","386","151","197","90","84","69","1173","294","738","221","1734","440","482","336","27","41","81","68","72","80","263","242","39","66","1252","373","251","96","241","112","43","54","508","217","209","164"
"0500000US48221","Hood County, Texas","10355","447","8595","536","1385","268","806","235","465","204","3401","413","2538","352","1760","429","443","207","0","31","58","49","1","4","97","137","287","153","1317","389","191","124","265","152","69","61","291","133","501","206"
"0500000US48223","Hopkins County, Texas","7678","343","5533","443","748","143","595","123","301","87","1772","239","2117","248","2145","410","555","240","99","64","82","63","0","28","166","92","208","126","1590","389","306","121","111","68","117","137","647","209","409","140"
"0500000US48357","Ochiltree County, Texas","2965","152","2503","221","458","82","266","68","71","51","806","165","902","155","462","188","120","107","6","12","6","11","0","21","90","90","18","20","342","172","76","66","17","19","0","21","161","114","88","60"
"0500000US48269","King County, Texas","52","29","29","22","5","7","0","13","0","13","15","15","9","8","23","22","0","13","0","13","0","13","0","13","0","13","0","13","23","22","3","4","0","13","0","13","15","16","5","7"
"0500000US48275","Knox County, Texas","924","60","684","69","101","38","75","28","17","18","281","47","210","48","240","83","83","64","11","16","0","13","0","13","48","42","24","26","157","72","40","29","29","23","0","13","29","30","59","40"
"0500000US48309","McLennan County, Texas","53550","876","34772","1242","5455","462","3973","443","1875","257","11813","677","11656","721","18778","1147","3221","581","587","202","454","180","193","106","733","215","1254","321","15557","1164","2683","351","1777","356","882","245","5184","533","5031","601"
"0500000US48073","Cherokee County, Texas","10983","482","7392","579","939","190","825","163","359","141","2631","369","2638","274","3591","491","1010","400","206","125","263","164","0","31","356","176","185","109","2581","415","335","135","215","116","198","99","982","263","851","198"
"0500000US48095","Concho County, Texas","498","37","389","74","46","33","22","21","31","32","127","59","163","66","109","60","0","13","0","13","0","13","0","13","0","13","0","13","109","60","38","29","0","13","0","13","63","49","8","11"
"0500000US48119","Delta County, Texas","1038","87","792","133","121","45","55","32","7","10","244","60","365","97","246","93","77","56","28","28","13","18","5","10","31","35","0","19","169","87","20","20","42","31","0","19","42","50","65","53"
"0500000US48137","Edwards County, Texas","193","118","158","111","0","13","27","29","22","23","77","80","32","23","35","37","35","37","23","34","6","9","0","13","0","13","6","9","0","13","0","13","0","13","0","13","0","13","0","13"
"0500000US48133","Eastland County, Texas","3273","187","2633","291","390","114","222","105","176","76","997","182","848","203","640","241","115","101","0","21","39","58","0","21","50","49","26","36","525","226","154","91","51","42","8","13","179","109","133","128"
"0500000US48253","Jones County, Texas","2683","274","1967","295","359","94","196","79","104","72","667","132","641","168","716","190","309","151","17","26","0","21","13","18","97","86","182","100","407","163","74","61","16","19","0","21","184","111","133","71"
"0500000US48389","Reeves County, Texas","2707","214","2132","285","300","122","268","131","114","78","684","157","766","177","575","230","109","95","28","44","0","21","0","21","49","46","32","29","466","216","73","73","70","59","45","38","183","110","95","69"
"0500000US48403","Sabine County, Texas","1677","137","1162","229","207","83","88","47","13","17","296","107","558","174","515","222","159","99","4","8","14","17","22","33","35","34","84","58","356","195","63","75","10","15","0","21","127","108","156","110"
"0500000US48421","Sherman County, Texas","625","173","493","149","83","44","49","20","23","28","164","73","174","91","132","77","59","52","8","11","0","13","13","22","12","17","26","27","73","57","21","16","2","5","4","5","31","29","15","19"
"0500000US48437","Swisher County, Texas","1675","123","1123","208","148","56","138","80","28","21","378","88","431","120","552","194","72","63","16","30","3","5","0","19","28","27","25","23","480","193","111","71","23","25","58","57","200","110","88","44"
"0500000US48231","Hunt County, Texas","18991","477","13865","732","1901","228","1663","237","730","174","4592","396","4979","392","5126","589","1335","382","190","109","154","79","71","78","468","179","452","170","3791","691","492","159","417","168","188","108","1436","300","1258","275"
"0500000US48063","Camp County, Texas","2904","170","2058","274","357","106","154","65","134","54","668","145","745","140","846","206","123","78","41","46","34","54","0","21","19","22","29","29","723","197","60","58","80","67","37","44","290","106","256","108"
"0500000US48195","Hansford County, Texas","1539","61","1249","153","134","63","173","53","43","38","430","98","469","115","290","133","158","91","46","43","59","40","0","19","4","9","49","48","132","94","8","11","8","11","0","19","27","28","89","86"
"0500000US48187","Guadalupe County, Texas","34570","660","25630","925","3585","299","2780","284","1432","249","8365","716","9468","518","8940","868","1952","368","489","171","261","119","150","94","561","230","491","158","6988","799","588","220","672","212","268","119","2483","482","2977","438"
"0500000US48077","Clay County, Texas","1932","81","1466","174","220","58","80","29","65","36","509","96","592","94","466","178","331","179","40","27","36","37","0","21","197","124","58","40","135","58","17","21","13","19","0","21","42","29","63","35"
"0500000US48217","Hill County, Texas","7154","211","5161","346","677","109","484","92","295","82","1800","208","1905","188","1993","243","377","137","33","32","83","50","41","29","84","42","136","78","1616","239","210","72","205","68","38","25","587","136","576","123"
"0500000US48347","Nacogdoches County, Texas","13251","467","8812","631","1363","212","1150","189","679","158","2788","380","2832","284","4439","615","1114","315","311","132","166","92","45","47","338","130","254","151","3325","569","377","156","402","193","180","93","1462","353","904","232"
"0500000US48369","Parmer County, Texas","2653","141","1911","178","266","62","168","64","65","37","747","125","665","104","742","196","302","144","94","83","30","32","7","11","117","73","54","42","440","174","55","39","41","30","37","33","198","120","109","48"
"0500000US48377","Presidio County, Texas","1711","211","966","270","137","93","102","83","62","64","361","136","304","159","745","257","128","126","0","19","0","19","74","109","16","25","38","50","617","208","192","115","31","39","38","32","133","92","223","96"
"0500000US48465","Val Verde County, Texas","11518","492","7759","707","1337","298","915","224","256","115","2608","444","2643","358","3759","706","945","459","134","130","70","83","90","84","376","235","275","153","2814","653","407","168","411","204","86","63","1007","359","903","282"
"0500000US48135","Ector County, Texas","39719","1018","27118","1502","4811","585","3236","427","1466","344","9433","865","8172","680","12601","1559","2663","606","493","215","522","247","292","151","772","288","584","184","9938","1474","1399","429","898","276","392","208","3740","842","3509","638"
"0500000US48173","Glasscock County, Texas","273","95","234","81","19","23","18","23","0","13","58","43","139","50","39","42","19","25","19","25","0","13","0","13","0","13","0","13","20","37","0","13","0","13","0","13","0","13","20","37"
"0500000US48185","Grimes County, Texas","5050","342","3134","464","235","101","458","133","40","36","1139","219","1262","286","1916","386","276","171","75","85","26","42","0","25","113","77","62","53","1640","366","60","58","212","124","138","95","753","214","477","164"
"0500000US48085","Collin County, Texas","235549","1253","195583","2577","26414","875","21375","908","10632","722","67482","1500","69680","1670","39966","2354","9317","1106","866","250","916","256","523","188","3074","473","3938","536","30649","2069","2911","544","2544","421","1541","383","11238","813","12415","1117"
"0500000US48005","Angelina County, Texas","19299","653","12422","877","1925","326","879","242","595","169","4074","473","4949","537","6877","806","1472","415","329","170","210","145","14","16","501","207","418","188","5405","731","796","240","815","201","333","160","1753","456","1708","311"
"0500000US48101","Cottle County, Texas","506","116","272","162","52","45","24","21","0","13","71","57","125","66","234","155","18","12","0","13","0","13","0","13","0","13","18","12","216","155","13","20","62","57","26","38","82","64","33","24"
"0500000US48209","Hays County, Texas","41392","937","32136","1175","5194","494","3568","447","2073","386","10723","682","10578","759","9256","996","2712","610","270","146","294","178","44","51","998","296","1106","398","6544","894","936","341","497","185","229","117","2443","428","2439","520"
"0500000US48397","Rockwall County, Texas","23936","425","19975","817","3061","314","1476","266","1018","262","6709","458","7711","514","3961","783","1128","395","99","129","0","31","0","31","512","208","517","241","2833","680","181","136","252","152","111","84","1234","366","1055","308"
"0500000US48295","Lipscomb County, Texas","785","86","600","90","91","37","47","21","52","22","225","49","185","56","185","62","74","48","8","9","27","17","8","11","18","21","13","14","111","47","15","13","11","17","5","6","28","16","52","40"
"0500000US48321","Matagorda County, Texas","8224","342","5554","520","768","223","645","193","363","125","1659","299","2119","275","2670","497","674","291","51","49","16","23","0","28","417","271","190","91","1996","511","307","157","289","165","107","82","795","236","498","244"
"0500000US48371","Pecos County, Texas","3153","221","2596","285","383","101","312","99","101","63","1035","167","765","189","557","207","156","122","45","45","0","21","25","35","74","58","12","16","401","174","15","26","96","69","4","7","138","80","148","91"
"0500000US48401","Rusk County, Texas","10262","379","7476","475","1302","190","607","151","353","119","2613","305","2601","319","2786","427","671","247","151","92","99","93","74","61","235","137","112","69","2115","392","281","111","203","89","172","88","782","207","677","183"
"0500000US48447","Throckmorton County, Texas","267","88","162","55","18","16","32","19","5","7","51","29","56","29","105","70","17","28","0","13","0","13","0","13","17","28","0","13","88","62","13","12","13","16","0","13","11","17","51","51"
"0500000US48471","Walker County, Texas","9467","395","6916","487","1344","213","805","187","604","198","2064","324","2099","276","2551","460","406","192","71","81","27","45","0","31","190","125","118","104","2145","432","176","108","256","133","168","100","796","243","749","235"
"0500000US48499","Wood County, Texas","7240","355","4807","480","816","188","430","102","151","58","1634","258","1776","294","2433","471","914","320","73","62","102","60","78","72","305","106","356","174","1519","306","83","56","222","130","79","65","434","140","701","191"
"0500000US48007","Aransas County, Texas","3627","397","2131","505","317","209","113","75","26","42","947","336","728","190","1496","561","422","241","95","97","43","64","0","25","189","160","95","86","1074","522","290","151","142","128","0","25","219","179","423","277"
"0500000US48075","Childress County, Texas","1251","165","909","207","178","82","48","52","28","44","384","153","271","114","342","173","170","140","26","32","19","27","0","19","68","80","57","50","172","113","21","32","16","31","0","19","75","63","60","47"
"0500000US48081","Coke County, Texas","551","51","355","62","52","34","17","11","6","9","89","47","191","61","196","71","33","29","0","13","0","13","0","13","6","9","27","28","163","70","0","13","0","13","4","6","89","39","70","38"
"0500000US48099","Coryell County, Texas","15787","357","12027","548","2326","228","1599","222","687","157","3846","332","3569","368","3760","478","727","267","136","108","79","63","54","52","240","128","218","96","3033","441","279","133","343","136","161","103","1027","237","1223","213"
"0500000US48211","Hemphill County, Texas","1143","132","919","132","97","50","73","37","16","25","362","112","371","129","224","144","138","130","9","13","53","69","2","6","34","49","40","41","86","52","0","13","0","13","0","13","61","49","25","22"
"0500000US48341","Moore County, Texas","5704","395","4528","497","701","213","537","179","225","133","1686","270","1379","266","1176","381","277","134","32","45","70","55","14","21","109","68","52","41","899","366","181","155","25","36","17","20","318","172","358","226"
"0500000US48349","Navarro County, Texas","10827","447","7235","703","986","202","749","157","383","141","2441","361","2676","370","3592","577","1402","555","168","121","108","91","94","98","607","277","425","192","2190","413","321","109","286","130","107","74","703","251","773","184"
"0500000US48405","San Augustine County, Texas","1436","110","1001","156","170","57","40","42","33","37","376","127","382","98","435","162","94","115","0","19","16","24","0","19","25","39","53","74","341","128","45","49","47","44","52","39","45","40","152","102"
"0500000US48417","Shackelford County, Texas","678","65","453","110","36","26","69","41","72","60","114","71","162","81","225","112","28","32","0","13","0","13","0","13","9","13","19","29","197","110","33","37","24","21","0","13","58","44","82","61"
"0500000US48427","Starr County, Texas","16863","567","10240","778","1522","301","1279","289","489","160","3113","387","3837","423","6623","755","546","301","5","7","134","138","36","54","132","102","239","134","6077","752","858","293","736","213","292","124","2075","354","2116","387"
"0500000US48461","Upton County, Texas","958","91","634","125","91","44","116","47","18","17","158","57","251","64","324","127","92","59","4","7","30","24","24","19","29","20","5","8","232","111","45","33","43","39","0","13","58","50","86","55"
"0500000US48021","Bastrop County, Texas","16840","752","12468","1064","1845","417","823","277","396","151","3983","574","5421","635","4372","879","1342","481","29","44","303","227","93","98","391","208","526","182","3030","762","408","190","373","200","116","113","1045","381","1088","373"
"0500000US48191","Hall County, Texas","586","74","321","89","13","13","45","27","0","13","110","48","153","44","265","93","30","24","6","9","0","13","0","13","11","13","13","15","235","95","20","24","16","19","24","24","86","51","89","59"
"0500000US48159","Franklin County, Texas","2484","85","1923","243","409","94","91","71","151","99","535","125","737","149","561","224","28","31","0","21","0","21","0","21","0","21","28","31","533","226","8","11","17","22","0","21","227","144","281","97"
"0500000US48163","Frio County, Texas","3501","467","1803","513","399","167","161","91","116","96","354","184","773","277","1698","510","156","126","0","21","29","55","0","21","25","29","102","101","1542","474","206","103","160","116","146","179","628","277","402","180"
"0500000US48281","Lampasas County, Texas","4076","207","2874","320","305","99","364","100","131","60","860","178","1214","192","1202","280","236","140","0","25","44","51","0","25","55","49","137","91","966","267","103","77","30","47","19","30","342","147","472","171"
"0500000US48319","Mason County, Texas","834","174","519","159","57","48","42","38","55","55","89","54","276","77","315","152","96","66","0","13","25","21","0","13","0","13","71","49","219","140","35","38","25","38","0","13","30","31","129","115"
"0500000US48125","Dickens County, Texas","435","54","336","66","50","22","23","15","3","5","124","37","136","46","99","49","16","19","0","13","0","13","0","13","7","11","9","10","83","46","12","16","3","4","0","13","25","18","43","24"
"0500000US48439","Tarrant County, Texas","478712","2531","332880","3847","51934","1719","36007","1393","18177","1042","113077","2238","113685","2179","145832","3689","33836","2560","6104","868","3650","529","2167","420","10907","1106","11008","1101","111996","3466","15561","1235","10890","944","6685","684","39762","1837","39098","1784"
"0500000US48001","Anderson County, Texas","9308","378","6436","570","838","192","977","205","211","95","2286","332","2124","273","2872","484","612","239","52","50","104","84","0","31","200","113","256","146","2260","415","342","150","277","153","94","70","844","245","703","181"
"0500000US48239","Jackson County, Texas","3287","202","2582","264","233","92","407","133","194","75","825","159","923","184","705","241","117","73","22","27","9","14","0","21","10","13","76","70","588","237","89","83","95","81","27","25","191","90","186","98"
"0500000US48331","Milam County, Texas","4985","279","3179","511","355","113","389","114","142","62","1108","270","1185","235","1806","515","257","190","86","104","93","70","30","39","29","35","19","18","1549","465","121","89","64","76","94","66","535","181","735","274"
"0500000US48093","Comanche County, Texas","2559","127","1887","244","228","95","128","65","144","100","534","119","853","169","672","246","143","75","0","21","29","30","20","24","46","32","48","39","529","236","110","72","39","30","26","39","211","122","143","95"
"0500000US48047","Brooks County, Texas","1474","213","614","246","103","91","54","54","10","17","200","108","247","99","860","305","223","164","78","73","50","50","0","19","47","76","48","53","637","261","57","69","9","14","42","44","267","122","262","178"
"0500000US48449","Titus County, Texas","8130","314","5866","435","952","162","607","128","233","102","2319","289","1755","222","2264","384","625","241","144","84","75","64","0","28","120","76","286","126","1639","367","291","130","110","66","93","52","560","159","585","178"
"0500000US48291","Liberty County, Texas","17912","542","13219","935","1870","281","1519","358","975","273","4019","512","4836","460","4693","829","761","334","108","86","137","149","38","45","212","147","266","141","3932","784","621","221","359","201","252","172","1158","317","1542","400"
"0500000US48497","Wise County, Texas","14131","367","10955","667","1488","264","1327","231","518","147","3606","313","4016","407","3176","578","703","223","155","104","21","24","6","7","183","78","338","165","2473","534","360","171","253","131","193","93","834","229","833","231"
"0500000US48249","Jim Wells County, Texas","9121","626","5908","756","777","236","548","148","414","158","1969","338","2200","410","3213","686","743","366","158","130","74","94","46","67","33","33","432","299","2470","558","561","247","195","130","67","77","797","261","850","232"
"0500000US48127","Dimmit County, Texas","2697","286","1363","392","143","101","168","151","0","21","561","250","491","182","1334","475","284","276","130","132","28","48","0","21","46","59","80","112","1050","455","178","134","224","104","126","93","333","167","189","147"
"0500000US48157","Fort Bend County, Texas","186955","1479","151846","2946","20725","1060","17519","1144","7151","779","54757","1765","51694","2124","35109","2490","6867","1535","610","245","391","199","164","115","2912","911","2790","778","28242","2259","3545","696","2599","516","1131","282","9793","1246","11174","1116"
"0500000US48235","Irion County, Texas","350","91","245","83","24","16","8","11","15","13","82","41","116","53","105","66","50","48","0","13","0","13","0","13","3","8","47","46","55","40","11","16","11","16","0","13","13","11","20","22"
"0500000US48097","Cooke County, Texas","8074","365","5621","507","902","195","532","128","308","122","2023","298","1856","220","2453","435","592","255","142","96","43","43","0","28","294","163","113","65","1861","417","261","102","238","119","90","76","703","208","569","169"
"0500000US48115","Dawson County, Texas","2433","327","1675","335","234","101","177","91","47","37","679","175","538","157","758","242","81","76","0","21","26","37","0","21","26","32","29","30","677","224","101","77","108","77","0","21","179","111","289","160"
"0500000US48051","Burleson County, Texas","3207","212","2337","294","374","107","209","65","115","79","756","152","883","180","870","272","361","198","98","87","23","20","13","16","134","102","93","89","509","202","105","85","11","17","12","20","94","53","287","125"
"0500000US48245","Jefferson County, Texas","53667","867","31915","1194","5511","545","4033","450","1607","298","10340","707","10424","739","21752","1439","3644","747","919","301","379","230","221","131","967","275","1158","276","18108","1438","2266","345","2063","346","1083","260","7020","738","5676","634"
"0500000US48359","Oldham County, Texas","234","186","195","162","29","26","36","26","9","11","69","72","52","65","39","37","10","13","0","13","0","13","1","3","5","5","4","7","29","36","4","7","3","6","0","13","7","10","15","25"
"0500000US48141","El Paso County, Texas","192707","2359","125413","3176","20545","1365","13873","994","6321","702","40884","1616","43790","1595","67294","2680","12285","1487","2576","662","1524","375","768","300","4046","612","3371","528","55009","2467","6619","762","5001","628","2254","415","19611","1190","21524","1311"
"0500000US48443","Terrell County, Texas","105","50","75","46","2","8","6","7","4","6","59","43","4","8","30","32","0","13","0","13","0","13","0","13","0","13","0","13","30","32","0","13","0","13","0","13","0","13","30","32"
"0500000US48463","Uvalde County, Texas","5881","441","3003","612","424","97","443","210","244","175","962","266","930","292","2878","636","421","228","85","115","0","25","16","18","62","60","258","151","2457","595","498","170","237","135","85","67","845","287","792","272"
"0500000US48009","Archer County, Texas","1814","38","1391","122","189","54","163","48","28","17","459","92","552","67","423","123","139","89","18","19","9","12","2","4","37","32","73","64","284","107","20","21","10","11","25","20","117","58","112","52"
"0500000US48215","Hidalgo County, Texas","236811","2545","156501","3594","23994","1285","18093","1269","7597","728","54148","1633","52669","1837","80310","3413","9368","1294","1539","475","981","337","683","210","3308","680","2857","520","70942","3174","8287","1036","8286","959","3446","544","23850","1606","27073","1472"
"0500000US48425","Somervell County, Texas","1684","135","1138","254","113","69","93","59","8","13","337","159","587","188","546","279","212","194","46","58","45","57","0","19","109","149","12","18","334","210","21","23","80","98","112","137","56","46","65","76"
"0500000US48207","Haskell County, Texas","873","63","545","100","82","34","32","17","19","15","193","56","219","53","328","83","77","47","10","14","0","19","10","13","11","13","46","37","251","76","32","23","38","33","10","13","95","54","76","49"
"0500000US48333","Mills County, Texas","911","143","601","154","53","44","46","33","12","13","270","98","220","67","310","130","0","13","0","13","0","13","0","13","0","13","0","13","310","130","34","36","23","18","17","16","133","72","103","73"
"0500000US48351","Newton County, Texas","2463","208","1533","311","75","57","145","94","43","58","437","147","833","249","930","293","245","164","38","54","0","21","0","21","35","48","172","138","685","259","62","47","160","112","28","32","196","125","239","118"
"0500000US48317","Martin County, Texas","1438","182","1131","214","183","82","139","69","68","34","333","103","408","92","307","165","103","88","0","19","0","19","0","19","93","88","10","15","204","141","54","59","64","61","0","19","79","83","7","12"
"0500000US48267","Kimble County, Texas","793","93","439","114","78","45","37","32","0","13","117","41","207","78","354","124","112","105","49","44","0","13","0","13","41","41","22","27","242","100","73","63","15","20","18","21","30","22","106","62"
"0500000US48467","Van Zandt County, Texas","10137","357","7925","547","1153","155","852","171","475","145","2756","313","2689","309","2212","445","670","221","110","78","26","24","61","48","231","106","242","114","1542","353","167","75","166","96","88","64","497","176","624","198"
"0500000US48501","Yoakum County, Texas","2275","217","2068","208","297","94","153","84","171","90","707","220","740","223","207","135","62","52","0","19","15","16","0","19","26","29","21","17","145","126","0","19","37","59","3","5","60","65","45","32"
"0500000US48387","Red River County, Texas","1880","159","1310","173","222","61","89","44","84","48","375","95","540","115","570","181","33","29","0","21","0","21","2","3","19","22","12","11","537","180","68","48","44","39","22","18","225","112","178","82"
"0500000US48435","Sutton County, Texas","914","138","606","127","141","76","35","34","56","41","189","78","185","71","308","126","93","109","0","13","31","47","0","13","26","23","36","46","215","96","29","45","0","13","39","31","95","67","52","38"
"0500000US48459","Upshur County, Texas","8380","293","6426","482","812","208","708","208","353","157","2249","289","2304","268","1954","441","721","346","106","111","74","106","77","63","237","180","227","130","1233","360","233","124","98","57","72","63","418","173","412","141"
"0500000US48481","Wharton County, Texas","9465","268","6214","419","919","214","650","166","341","123","1971","252","2333","314","3251","421","633","236","101","89","27","34","12","22","250","145","243","120","2618","388","459","182","207","122","162","96","820","186","970","243"
"0500000US48033","Borden County, Texas","169","57","145","53","71","39","12","10","5","6","11","19","46","29","24","14","12","11","4","5","0","13","2","4","0","13","6","10","12","15","0","13","0","13","0","13","4","5","8","11"
"0500000US48315","Marion County, Texas","1516","148","1199","203","172","67","87","50","91","52","422","108","427","135","317","157","37","42","28","35","0","21","0","21","0","21","9","13","280","152","44","55","16","25","0","21","104","89","116","96"
"0500000US48181","Grayson County, Texas","26383","530","18547","815","2720","340","2158","256","616","175","6706","523","6347","586","7836","755","1861","458","278","153","207","109","80","54","580","252","716","277","5975","627","820","236","642","175","218","94","2287","386","2008","300"
"0500000US48363","Palo Pinto County, Texas","5552","297","3592","410","370","131","612","167","226","105","1186","251","1198","173","1960","402","640","309","67","69","106","129","40","43","289","173","138","95","1320","364","185","121","128","82","123","78","425","140","459","163"
"0500000US48123","DeWitt County, Texas","3961","229","2964","307","481","181","299","137","185","95","1002","211","997","199","997","292","227","129","63","53","21","21","45","45","42","41","56","52","770","259","96","82","297","135","77","74","185","86","115","60"
"0500000US48059","Callahan County, Texas","2699","170","2170","198","256","62","222","62","92","50","779","134","821","161","529","165","112","68","18","23","0","21","8","12","46","39","40","33","417","156","132","74","6","12","24","25","125","81","130","66"
"0500000US48183","Gregg County, Texas","26769","831","17615","919","3072","386","2156","330","788","197","5898","541","5701","519","9154","1025","1478","347","370","234","97","72","47","33","391","186","573","209","7676","968","1295","317","495","165","588","198","2896","568","2402","451"
"0500000US48303","Lubbock County, Texas","61201","1304","39867","1686","6953","544","4516","406","2011","311","13459","863","12928","941","21334","1374","4860","811","1169","309","408","159","161","99","1452","359","1670","457","16474","1236","2543","389","1947","412","787","205","5636","579","5561","690"
"0500000US48257","Kaufman County, Texas","28053","635","21414","814","3218","327","2208","263","1018","246","7415","503","7555","562","6639","777","1497","381","166","114","114","72","11","16","624","199","582","180","5142","706","660","260","487","167","358","134","1831","379","1806","317"
"0500000US48153","Floyd County, Texas","1352","93","974","124","198","67","75","39","33","25","314","82","354","83","378","94","21","19","6","9","0","19","0","19","0","19","15","18","357","95","18","22","55","35","14","17","133","55","137","54"
"0500000US48071","Chambers County, Texas","9943","395","7287","841","950","240","598","224","383","192","2444","576","2912","389","2656","809","1166","593","197","164","188","153","9","17","669","406","103","118","1490","687","271","193","247","152","0","28","653","345","319","178"
"0500000US48027","Bell County, Texas","85466","949","58103","1681","10227","716","7430","792","3436","472","19476","1031","17534","1061","27363","1455","5024","815","801","269","972","296","263","125","1603","374","1385","299","22339","1351","3594","487","2614","471","1162","241","7383","813","7586","753"
"0500000US48233","Hutchinson County, Texas","4864","188","3276","349","503","128","268","94","232","111","1082","177","1191","197","1588","339","352","240","139","122","49","50","23","26","80","73","61","55","1236","256","132","82","73","53","87","57","390","146","554","212"
"0500000US48361","Orange County, Texas","17650","494","12180","624","1898","260","1493","254","757","174","4022","412","4010","460","5470","683","1240","326","260","117","127","91","55","60","345","185","453","159","4230","655","640","176","353","143","283","180","1378","310","1576","392"
"0500000US48495","Winkler County, Texas","2179","126","1611","204","266","88","142","70","129","71","572","115","502","112","568","194","228","183","34","42","38","45","43","49","61","47","52","51","340","160","65","62","22","27","12","20","158","104","83","64"
"0500000US48053","Burnet County, Texas","8524","396","5891","725","916","331","354","150","264","181","2073","342","2284","349","2633","557","1512","672","98","77","516","357","74","95","576","280","248","140","1121","381","140","130","119","105","44","75","212","107","606","217"
"0500000US48113","Dallas County, Texas","587726","3358","373527","4924","62914","1987","43320","1677","19342","1006","127321","2491","120630","2383","214199","4573","44864","2439","8549","896","5397","651","2219","451","15140","980","13559","1186","169335","4374","22905","1360","17482","1043","9333","820","61331","2059","58284","1849"
"0500000US48311","McMullen County, Texas","158","91","116","78","5","7","30","30","0","13","38","35","43","47","42","50","0","13","0","13","0","13","0","13","0","13","0","13","42","50","0","13","0","13","0","13","31","48","11","15"
"0500000US48251","Johnson County, Texas","36543","752","27719","1188","4257","431","2885","315","1655","280","9345","634","9577","711","8824","1043","2327","504","95","67","128","73","85","57","1068","307","951","270","6497","902","681","293","570","188","343","167","2430","407","2473","440"
"0500000US48205","Hartley County, Texas","1176","39","1046","79","133","51","107","42","78","39","370","70","358","54","130","77","20","29","20","29","0","19","0","19","0","19","0","19","110","69","9","13","11","18","8","11","31","27","51","40"
"0500000US48293","Limestone County, Texas","4390","204","3009","243","401","94","294","77","155","71","1051","134","1108","147","1381","278","355","138","78","65","47","42","11","17","75","62","144","66","1026","232","251","126","73","53","74","52","305","100","323","108"
"0500000US48367","Parker County, Texas","29026","403","23588","905","3106","312","2394","279","1327","247","8790","637","7971","498","5438","793","1509","381","230","148","68","64","73","60","541","214","597","222","3929","731","517","214","451","177","151","80","1406","389","1404","323"
"0500000US48109","Culberson County, Texas","391","117","175","90","40","39","26","37","17","16","30","22","62","58","216","135","20","25","0","13","0","13","0","13","5","9","15","17","196","131","56","51","7","12","0","13","105","81","28","21"
"0500000US48169","Garza County, Texas","919","125","691","148","58","40","99","59","53","40","226","89","255","92","228","127","21","31","21","31","0","19","0","19","0","19","0","19","207","122","25","29","44","50","9","14","63","50","66","52"
"0500000US48453","Travis County, Texas","243179","1773","178012","3157","32183","1172","22076","936","10104","687","60236","1865","53413","1680","65167","2695","14523","1165","2106","426","1906","498","801","251","4935","684","4775","704","50644","2758","7900","811","5110","573","3063","528","17924","1393","16647","1196"
"0500000US48087","Collingsworth County, Texas","661","77","432","94","25","20","49","31","14","20","173","67","171","53","229","91","49","37","0","13","37","33","3","6","3","6","6","7","180","87","13","15","37","31","0","13","59","31","71","39"
"0500000US48279","Lamb County, Texas","3218","156","1834","278","317","89","231","101","70","48","700","183","516","112","1384","276","228","92","25","22","28","21","18","28","109","76","48","37","1156","271","73","38","123","54","40","36","495","151","425","134"
"0500000US48301","Loving County, Texas","24","29","24","29","12","16","7","8","5","6","0","13","0","13","0","13","0","13","0","13","0","13","0","13","0","13","0","13","0","13","0","13","0","13","0","13","0","13","0","13"
"0500000US48019","Bandera County, Texas","3166","284","2174","299","253","176","432","144","93","76","639","230","757","158","992","322","86","101","50","88","0","25","21","35","9","17","6","9","906","309","103","96","7","13","42","51","291","153","463","204"
"0500000US48395","Robertson County, Texas","3363","253","2545","294","272","90","249","93","69","39","1003","132","952","179","818","249","354","167","103","66","0","21","7","13","120","79","124","82","464","187","66","70","11","14","8","14","147","116","232","102"
"0500000US48441","Taylor County, Texas","28785","745","19594","1005","3686","516","2495","336","1369","286","6256","478","5788","487","9191","995","1835","385","247","141","257","113","122","76","491","198","718","233","7356","926","1077","263","1007","334","493","179","2492","435","2287","432"
"0500000US48455","Trinity County, Texas","2394","158","1655","241","290","63","99","57","83","46","627","181","556","154","739","213","114","74","25","38","13","19","0","21","0","21","76","54","625","213","44","52","55","43","93","77","245","120","188","124"
"0500000US48079","Cochran County, Texas","579","70","405","84","70","27","38","25","36","19","138","49","123","52","174","70","42","34","11","14","8","12","0","13","17","19","6","6","132","65","24","22","23","23","0","13","45","32","40","22"
"0500000US48091","Comal County, Texas","27916","484","21516","872","2976","334","2048","279","1089","262","7174","558","8229","553","6400","809","1785","456","422","201","287","178","46","47","275","166","755","231","4615","690","461","169","547","195","190","131","1783","382","1634","344"
"0500000US48225","Houston County, Texas","3587","250","2110","282","426","107","192","67","81","65","698","160","713","148","1477","282","234","127","71","64","0","25","28","41","99","82","36","36","1243","258","191","76","118","63","34","43","505","160","395","130"
"0500000US48375","Potter County, Texas","28479","549","19110","1065","2999","351","2252","308","1260","284","6828","548","5771","477","9369","1009","1791","360","361","178","178","104","125","77","625","155","502","192","7578","975","1220","292","857","192","436","169","2666","441","2399","448"
"0500000US48415","Scurry County, Texas","3810","268","2921","334","471","137","415","160","143","79","1049","182","843","161","889","318","535","273","41","39","30","37","0","21","251","163","213","136","354","150","67","49","23","35","54","60","59","38","151","82"
"0500000US48103","Crane County, Texas","1339","74","1052","141","199","54","91","46","75","53","303","84","384","95","287","148","99","115","0","13","0","13","0","13","67","86","32","38","188","97","32","32","22","25","0","13","109","68","25","28"
"0500000US48433","Stonewall County, Texas","249","88","205","88","13","12","38","26","12","15","81","62","61","31","44","41","10","11","0","13","0","13","0","13","0","13","10","11","34","40","0","13","12","18","13","25","0","13","9","14"
"0500000US48049","Brown County, Texas","6949","275","5157","427","747","158","481","131","279","93","1527","217","2123","225","1792","343","511","196","90","65","115","76","19","28","110","84","177","79","1281","321","162","95","63","57","88","64","592","195","376","148"
"0500000US48025","Bee County, Texas","5542","353","3893","438","543","170","410","157","113","78","1216","255","1611","240","1649","384","380","161","94","65","28","34","13","23","92","78","153","107","1269","379","181","122","251","135","31","41","512","248","294","138"
"0500000US48307","McCulloch County, Texas","1428","175","905","212","108","71","139","59","27","38","386","128","245","106","523","174","225","123","89","64","0","19","44","46","82","49","10","14","298","145","9","16","0","19","0","19","61","81","228","121"
"0500000US48287","Lee County, Texas","3348","142","2004","278","290","84","149","89","53","41","813","175","699","122","1344","268","514","325","96","64","103","70","59","74","110","123","146","126","830","371","80","69","82","86","18","20","475","254","175","85"
"0500000US48139","Ellis County, Texas","39500","784","31149","1231","4418","397","3300","344","1450","278","10478","713","11503","696","8351","992","1834","434","260","176","209","128","54","43","660","230","651","180","6517","892","808","218","461","132","302","128","2251","460","2695","443"
"0500000US48265","Kerr County, Texas","8289","380","5196","513","1010","210","522","146","310","106","1571","240","1783","334","3093","521","800","292","50","48","157","139","10","19","110","68","473","239","2293","514","293","152","91","83","216","150","764","243","929","267"
"0500000US48145","Falls County, Texas","3180","203","2311","290","356","94","202","69","99","48","761","223","893","180","869","268","165","93","4","7","5","8","16","27","60","53","80","65","704","261","197","108","88","59","36","45","269","166","114","86"
